brand_name,url
Arbuckle,https://weedmaps.com/brands/arbuckle
Cannadose,https://weedmaps.com/brands/cannadose
"CLDD, LLC",https://weedmaps.com/brands/cldd-llc
Clipper,https://weedmaps.com/brands/clipper
Cosmic View,https://weedmaps.com/brands/cosmic-view
CREEKSIDE,https://weedmaps.com/brands/creekside
Cut Above,https://weedmaps.com/brands/cut-above
Danky McNuggy Farms,https://weedmaps.com/brands/danky-mcnuggy-farms
Dark Heart,https://weedmaps.com/brands/dark-heart
Deja Vu,https://weedmaps.com/brands/deja-vu
Deluge,https://weedmaps.com/brands/deluge
Detroit Chronic,https://weedmaps.com/brands/detroit-chronic
Diamond Labs,https://weedmaps.com/brands/diamond-labs
Dip N Dabs,https://weedmaps.com/brands/dip-n-dabs
Dom Pen,https://weedmaps.com/brands/dom-pen
Dr. Kerklaan,https://weedmaps.com/brands/dr-kerklaan
Eden Extracts,https://weedmaps.com/brands/eden-extracts
Edison,https://weedmaps.com/brands/edison
Eighth Brother,https://weedmaps.com/brands/eighth-brothers
Elevate,https://weedmaps.com/brands/elevate
Empire Strains,https://weedmaps.com/brands/empire-strains
Eve Farms,https://weedmaps.com/brands/eve-farms
"Exclusive Brands, LLC",https://weedmaps.com/brands/exclusive-brands-llc
F/ELD,https://weedmaps.com/brands/f-eld
Famous Tankersley,https://weedmaps.com/brands/famous-tankersley
Fire Cut,https://weedmaps.com/brands/fire-cut
Flourish Edibles,https://weedmaps.com/brands/flourish-edibles
Foxworthy Farms,https://weedmaps.com/brands/foxworthy-farms
Gas Cannabis Co,https://weedmaps.com/brands/gas-cannabis-co
Gilt,https://weedmaps.com/brands/gilt
Gold Drop,https://weedmaps.com/brands/gold-drop
Gold Flora,https://weedmaps.com/brands/gold-flora
Gold Rush,https://weedmaps.com/brands/gold-rush
Good Flower,https://weedmaps.com/brands/good-flower
Good Spirit Organics,https://weedmaps.com/brands/good-spirit-organics
Green Hornet,https://weedmaps.com/brands/green-hornet
"Green Peak Industries, LLC",https://weedmaps.com/brands/green-peak-industries-llc
Green Shock,https://weedmaps.com/brands/green-shock
Green Unicorn,https://weedmaps.com/brands/green-unicorn
Haven St,https://weedmaps.com/brands/haven-st
Hemparillo,https://weedmaps.com/brands/hemparillo
High Hemp,https://weedmaps.com/brands/high-hemp
High Pack,https://weedmaps.com/brands/high-pack
High Park,https://weedmaps.com/brands/high-park
High Rollaz,https://weedmaps.com/brands/high-rollaz
Higher Standards,https://weedmaps.com/brands/higher-standards
Honest Paws,https://weedmaps.com/brands/honest-paws
Honey Butter,https://weedmaps.com/brands/honey-butter
Hot Box,https://weedmaps.com/brands/hot-box
Hu$h,https://weedmaps.com/brands/hu-h
Humboldt County Indoor,https://weedmaps.com/brands/humboldt-county-indoor
Humboldt Terp Council,https://weedmaps.com/brands/humboldt-terp-council
Ignitus,https://weedmaps.com/brands/ignitus
Infinity Farms,https://weedmaps.com/brands/infinity-farms
Irish Hazed,https://weedmaps.com/brands/irish-hazed
J&J Farmaceuticals,https://weedmaps.com/brands/j-j-farmaceuticals
Jade Nectar,https://weedmaps.com/brands/jade-nectar
JKJ Processing,https://weedmaps.com/brands/jkj-processing
Juce,https://weedmaps.com/brands/juce
JustUS Eats,https://weedmaps.com/brands/justus-eats
Kali Kush,https://weedmaps.com/brands/kali-kush
Kolab,https://weedmaps.com/brands/kolab
Kush Herbal Wraps,https://weedmaps.com/brands/kush-herbal-wraps
La Familia,https://weedmaps.com/brands/la-familia
Lee Gardens,https://weedmaps.com/brands/lee-gardens
Legally Rooted,https://weedmaps.com/brands/legally-rooted
Lemonade,https://weedmaps.com/brands/lemonade
Liquid Dreams,https://weedmaps.com/brands/liquid-dreams
Liv,https://weedmaps.com/brands/liv
Lokal,https://weedmaps.com/brands/lokal
LoKey,https://weedmaps.com/brands/lokey
Luv Buds,https://weedmaps.com/brands/luv-buds
M5 Farms,https://weedmaps.com/brands/m5-farms
Mac,https://weedmaps.com/brands/mac
Medecine Wheel 420,https://weedmaps.com/brands/medecine-wheel-420
MF Extracts,https://weedmaps.com/brands/mf-extracts
Midwest Distribution,https://weedmaps.com/brands/midwest-distribution
Minerva Canna,https://weedmaps.com/brands/minerva-canna
MMed Labz,https://weedmaps.com/brands/mmed-labz
Moon Rock,https://weedmaps.com/brands/moon-rock
Motherless Goat Farms,https://weedmaps.com/brands/motherless-goat-farms
Nano Bioderm,https://weedmaps.com/brands/nano-bioderm
Native Pure,https://weedmaps.com/brands/native-pure
New Leaf Medicinals,https://weedmaps.com/brands/new-leaf-medicinals
North Infusion,https://weedmaps.com/brands/north-infusion
OCB,https://weedmaps.com/brands/ocb
OK Grown,https://weedmaps.com/brands/ok-grown
OK57,https://weedmaps.com/brands/ok57
Okie Punch,https://weedmaps.com/brands/okie-punch
One Plant,https://weedmaps.com/brands/one-plant
ONS,https://weedmaps.com/brands/ons
Orchard Exotics,https://weedmaps.com/brands/orchard-exotics
Pendy Puff Melts,https://weedmaps.com/brands/pendy-puff-melts
PHB Growers,https://weedmaps.com/brands/phb-growers
Plan B,https://weedmaps.com/brands/plan-b
Primal,https://weedmaps.com/brands/primal
Puff Co,https://weedmaps.com/brands/puff-co
Pulsar,https://weedmaps.com/brands/pulsar
Pure Plant,https://weedmaps.com/brands/pure-plant
Purple Heart Compassionate,https://weedmaps.com/brands/purple-heart-compassionate
Rainmaker,https://weedmaps.com/brands/rainmaker
Red Bud Extracts,https://weedmaps.com/brands/red-bud-extracts
Rose Delights,https://weedmaps.com/brands/rose-delights
Roxy Pets,https://weedmaps.com/brands/roxy-pets
Sana Sana,https://weedmaps.com/brands/sana-sana
Shade,https://weedmaps.com/brands/shade
Sierra Hills,https://weedmaps.com/brands/sierra-hills
Simply Cannabis,https://weedmaps.com/brands/simply-cannabis
Skunk Brothers,https://weedmaps.com/brands/skunk-brothers
Skunk Feather,https://weedmaps.com/brands/skunk-feather
Skunk Train Farm,https://weedmaps.com/brands/skunk-train-farm
Smoke Trap,https://weedmaps.com/brands/smoke-trap
Smoked Honey,https://weedmaps.com/brands/smoked-honey
Sonoma Cannabis Co,https://weedmaps.com/brands/sonoma-cannabis-co
Sparks,https://weedmaps.com/brands/sparks
Spectra,https://weedmaps.com/brands/spectra
SPS,https://weedmaps.com/brands/sps
Stability,https://weedmaps.com/brands/stability
Stash Cannabis Company,https://weedmaps.com/brands/stash-cannabis-company
Stay Lit,https://weedmaps.com/brands/stay-lit
Suprize Suprize,https://weedmaps.com/brands/suprize-suprize
Swerve,https://weedmaps.com/brands/swerve
Synergy Cannabis,https://weedmaps.com/brands/synergy-cannabis
Talking Tees Farms,https://weedmaps.com/brands/talking-tees-farms
Tall Tree Society,https://weedmaps.com/brands/tall-tree-society
Terpx,https://weedmaps.com/brands/terpx
The Classics,https://weedmaps.com/brands/the-classics
The Giving Tree,https://weedmaps.com/brands/the-giving-tree
The Green Cross,https://weedmaps.com/brands/the-green-cross
The Hello Place,https://weedmaps.com/brands/the-hello-place
The Herb,https://weedmaps.com/brands/the-herb
The Higher Path,https://weedmaps.com/brands/the-higher-path
The King,https://weedmaps.com/brands/the-king
The Leaf,https://weedmaps.com/brands/the-leaf
The Original Z,https://weedmaps.com/brands/the-original-z
The Reserve,https://weedmaps.com/brands/the-reserve
Three Kings,https://weedmaps.com/brands/three-kings
Trees Cannabis Co,https://weedmaps.com/brands/trees-cannabis-co
Trinity Reserve,https://weedmaps.com/brands/trinity-reserve
Triple Seven (Unclaimed),https://weedmaps.com/brands/triple-seven-unclaimed
Twisted Hemp,https://weedmaps.com/brands/twisted-hemp
Up,https://weedmaps.com/brands/up
Up North,https://weedmaps.com/brands/up-north
VB Chesaning LLC,https://weedmaps.com/brands/vb-chesaning-llc
Venice Shores,https://weedmaps.com/brands/venice-shores
VENTURE LLC,https://weedmaps.com/brands/venture-llc
Vertex,https://weedmaps.com/brands/vertex
Vibes,https://weedmaps.com/brands/vibes
Virgo Kush,https://weedmaps.com/brands/virgo-kush
Vital Leaf,https://weedmaps.com/brands/vital-leaf
Vive,https://weedmaps.com/brands/vive
White Moose,https://weedmaps.com/brands/white-moose
Wildlife Cannabis Co,https://weedmaps.com/brands/wildlife-cannabis-co
XXL,https://weedmaps.com/brands/xxl
Yellow Tree,https://weedmaps.com/brands/yellow-tree
