Page 1 of 8,https://weedmaps.com/brands/dark-heart
Page 1 of 47,https://weedmaps.com/brands/diamond-labs
Page 1 of 24,https://weedmaps.com/brands/dip-n-dabs
Page 1 of 16,https://weedmaps.com/brands/dom-pen
Page 1 of 4,https://weedmaps.com/brands/elevate
Page 1 of 6,https://weedmaps.com/brands/empire-strains
Page 1 of 21,https://weedmaps.com/brands/eve-farms
Page 1 of 14,https://weedmaps.com/brands/fire-cut
Page 1 of 18,https://weedmaps.com/brands/flourish-edibles
Page 1 of 21,https://weedmaps.com/brands/foxworthy-farms
Page 1 of 32,https://weedmaps.com/brands/gas-cannabis-co
Page 1 of 3,https://weedmaps.com/brands/gilt
Page 1 of 22,https://weedmaps.com/brands/gold-drop
Page 1 of 14,https://weedmaps.com/brands/gold-flora
Page 1 of 31,https://weedmaps.com/brands/good-flower
Page 1 of 7,https://weedmaps.com/brands/good-spirit-organics
Page 1 of 38,https://weedmaps.com/brands/green-hornet
Page 1 of 30,https://weedmaps.com/brands/green-shock
Page 1 of 31,https://weedmaps.com/brands/green-unicorn
Page 1 of 24,https://weedmaps.com/brands/high-hemp
Page 1 of 43,https://weedmaps.com/brands/high-pack
Page 1 of 43,https://weedmaps.com/brands/high-park
Page 1 of 6,https://weedmaps.com/brands/honest-paws
Page 1 of 19,https://weedmaps.com/brands/honey-butter
Page 1 of 6,https://weedmaps.com/brands/hot-box
Page 1 of 9,https://weedmaps.com/brands/hu-h
Page 1 of 4,https://weedmaps.com/brands/humboldt-county-indoor
Page 1 of 11,https://weedmaps.com/brands/humboldt-terp-council
Page 1 of 14,https://weedmaps.com/brands/jade-nectar
Page 1 of 5,https://weedmaps.com/brands/jkj-processing
Page 1 of 4,https://weedmaps.com/brands/juce
Page 1 of 6,https://weedmaps.com/brands/justus-eats
Page 1 of 41,https://weedmaps.com/brands/kali-kush
Page 1 of 48,https://weedmaps.com/brands/kush-herbal-wraps
Page 1 of 6,https://weedmaps.com/brands/la-familia
Page 1 of 3,https://weedmaps.com/brands/lee-gardens
Page 1 of 4,https://weedmaps.com/brands/legally-rooted
Page 1 of 7,https://weedmaps.com/brands/lemonade
Page 1 of 17,https://weedmaps.com/brands/liquid-dreams
Page 1 of 79,https://weedmaps.com/brands/liv
Page 1 of 2,https://weedmaps.com/brands/lokal
Page 1 of 16,https://weedmaps.com/brands/mac
Page 1 of 4,https://weedmaps.com/brands/medecine-wheel-420
Page 1 of 62,https://weedmaps.com/brands/mf-extracts
